Product Name,Price,Original Prices,Discount rates
Madhur Sugar,48,55,12% off
Rajdhani Rajma Chithra (Whole),179,180,Nan
Tata Iodized Salt,20,NaN,Nan
Emami Healthy & Tasty Kachchi Ghani Mustard Oil Plastic...,133,155,14% off
Roxy Gold Maida,53,55,3% off
Parry's White Label Sugar,59,60,1% off
Maggi Masala Instant Noodles Vegetarian,46,NaN,Nan
Flipkart Supermart Select Cumin Seeds (Jeera),69,128,46% off
Fortune Sunlite Refined Sunflower Oil Pouch,114,130,12% off
Freedom Refined Sunflower Oil Pouch,111,114,2% off
Ananda Ghee 1 L Carton,439,510,13% off
Tata Sampann Fine Besan,52,64,18% off
Tata Sampann Fine Besan,97,125,22% off
Britannia Little Hearts,19,20,5% off
Maggi Pazzta Cheese Macaroni Pasta,25,NaN,Nan
Flipkart Supermart Select Refined Wheat Flour (Maida),60,75,20% off
Fortune Besan,55,NaN,Nan
Fortune Refined Soyabean Oil Pouch,116,130,10% off
Nandini Pure Cow Ghee 1 L Pouch,474,490,3% off
Britannia Marie Gold Biscuits,30,NaN,Nan
Sunfeast Mom's Magic Cashew & Almonds Biscuits,103,105,1% off
Rajdhani Select Sooji,33,41,19% off
Tata Lite Iodized Salt,35,NaN,Nan
bragg ORGANIC RAW UNFILTERED APPLE CIDER VINEGAR Vinega...,319,640,50% off
Real Fruit Juice - Litchi,95,104,8% off
Flipkart Supermart Select Sooji/Rava,58,75,22% off
Tang Orange Instant Drink Mix,128,135,5% off
Parle G Gold Biscuits,114,115,Nan
Red Label Tea Pouch,390,NaN,Nan
Rajdhani Dalia Broken Wheat,33,41,19% off
Apis Royal Zahidi Premium Dates,158,175,9% off
Fortune Rice Bran Oil Pouch,129,130,Nan
Everest Garam Masala,77,78,1% off
Parle Namkeen Hot n Spicy Mixture,82,84,2% off
Rajdhani Mota Poha,55,60,8% off
India Gate Regular Choice Basmati Rice (Medium Grain),357,445,19% off
MTR Gulab Jamun Mix 160 g,119,120,Nan
Dabur Honey Squeezy,140,155,9% off
Flipkart Supermart Select Sugar,59,90,34% off
Everest Coriander,55,56,1% off
Happilo Premium International Super mix Berries,322,365,11% off
Nestle Nan Pro 2 Follow-up Formula Powder Stage 2,590,NaN,Nan
FARMUP Polished Red Masoor Dal (Split),300,399,24% off
Tang Orange Instant Drink Mix,182,210,13% off
Happilo Oven Roasted and Salted California Almonds,284,335,15% off
Happilo 100% Natural Premium Californian Inshell Walnut...,411,470,12% off
MYFITNESS Crunchy Peanut Butter 510 g,299,320,6% off
Happilo 100% Natural California Almonds,481,550,12% off
Dexolac Premium 2 Follow-Up Formula (After 6 Months) Ti...,515,NaN,Nan
Pintola Classic Peanut Butter (Crunchy) 1 kg,319,349,8% off
Madhur Sugar,48,55,12% off
Rajdhani Rajma Chithra (Whole),179,180,Nan
Tata Iodized Salt,20,NaN,Nan
NutrineLife With the Mother Vinegar,499,899,44% off
Emami Healthy & Tasty Kachchi Ghani Mustard Oil Plastic...,133,155,14% off
Roxy Gold Maida,53,55,3% off
Parry's White Label Sugar,59,60,1% off
Maggi Masala Instant Noodles Vegetarian,46,NaN,Nan
Flipkart Supermart Select Cumin Seeds (Jeera),69,128,46% off
Balance Natural Diabetic & Keto friendly Sugar Free Swe...,149,200,25% off
Happilo 100% Natural California Almonds,220,275,20% off
Happilo Premium Seedless Green Raisins,149,165,9% off
Fortune Sunlite Refined Sunflower Oil Pouch,114,130,12% off
Wnature Organic Roasted Arabica Coffee beans 1kg-100% P...,650,700,7% off
Quaker Oats,260,NaN,Nan
Freedom Refined Sunflower Oil Pouch,111,114,2% off
Ananda Ghee 1 L Carton,439,510,13% off
Tata Sampann Fine Besan,97,125,22% off
Tata Sampann Fine Besan,52,64,18% off
Balance Gourment Dalchini Cinnamon Flavored Green Coffe...,649,"1,000",35% off
Kellogg's Original Corn Flakes,404,425,4% off
Britannia Little Hearts,19,20,5% off
Maggi Pazzta Cheese Macaroni Pasta,25,NaN,Nan
Herbalvibe Green Coffee Beans Powder for Weight Loss Ma...,598,"1,650",63% off
Flipkart Supermart Select Refined Wheat Flour (Maida),60,75,20% off
Nestle Everyday Shahi Ghee Ghee 1 L Tetrapack,469,500,6% off
Fortune Besan,55,NaN,Nan
Fortune Refined Soyabean Oil Pouch,116,130,10% off
Nandini Pure Cow Ghee 1 L Pouch,474,490,3% off
Colavita (Hard Durum Wheat) Farfalle Pasta,285,290,1% off
"Tang Orange Instant Drink Mix, 500g(Each)",264,270,2% off
Sunfeast Mom's Magic Cashew & Almonds Biscuits,103,105,1% off
Rajdhani Select Sooji,33,41,19% off
Tang Orange Instant Drink Mix,182,210,13% off
Kellogg's Muesli Nuts Delight,375,415,9% off
Tata Lite Iodized Salt,35,NaN,Nan
bragg ORGANIC RAW UNFILTERED APPLE CIDER VINEGAR Vinega...,319,640,50% off
Happilo Premium Afghani Seedless Black Raisins,203,225,9% off
Cadbury Choclairs Gold (115 Candies) Candy,190,200,5% off
Tang Mango Instant Drink Mix,199,210,5% off
Happilo Premium International Omani Dates,315,350,10% off
Flipkart Supermart Select Sooji/Rava,58,75,22% off
Tang Orange Instant Drink Mix,128,135,5% off
Balance Instant 60 Sachets Stevia & LemonGrass Green Co...,499,750,33% off
Kellogg's Crunchy Granola Almonds and Cranberries,307,315,2% off
Rajdhani Dalia Broken Wheat,33,41,19% off
Parle G Gold Biscuits,114,115,Nan
Parle Namkeen Hot n Spicy Mixture,82,84,2% off
Apis Royal Zahidi Premium Dates,158,175,9% off
Pintola Classic Peanut Butter (Crunchy) 1 kg,319,349,8% off
Fortune Rice Bran Oil Pouch,129,130,Nan
Rajdhani Mota Poha,55,60,8% off
FARMUP Yellow Combo (Split),540,700,22% off
Balance Natural Diabetic & Keto friendly Sugar Free Swe...,149,200,25% off
Everest Garam Masala,77,78,1% off
Nescafe Gold Instant Coffee,265,290,8% off
India Gate Regular Choice Basmati Rice (Medium Grain),357,445,19% off
MTR Gulab Jamun Mix 160 g,119,120,Nan
Everest Coriander,55,56,1% off
Wnature Organic Roasted Arabica Coffee beans 1kg-100% P...,650,700,7% off
Flipkart Supermart Select Sugar,59,90,34% off
Pillsbury Chakki Fresh Atta,370,NaN,Nan
Fortune Everyday Basmati Rice (Long Grain),90,149,39% off
Balance Gourment Dalchini Cinnamon Flavored Green Coffe...,649,"1,000",35% off
"Red Label Natural Care Cardamom, Ginger, Liquorice, Tul...",240,NaN,Nan
Eastern Chicken Masala,45,50,10% off
Rajdhani White Lobia (Whole),70,71,1% off
Kellogg's Fruit and Nut Muesli,290,315,7% off
Dukes Eclairs Chocolate Candy,77,100,23% off
Colavita (Hard Durum Wheat) Farfalle Pasta,285,290,1% off
BRU Instant Coffee,NaN,NaN,Nan
FARMUP Millet Flour 500 g,181,399,54% off
Happilo Premium Turkish Apricots,427,570,25% off
Tang Orange Instant Drink Mix,182,210,13% off
Leonardo Pomace Olive Oil Plastic Bottle,500,949,47% off
FARMUP Yellow Combo (Split),559,700,20% off
Nestle Lactogen Follow-up-Formula (Stage 2),315,NaN,Nan
Tate & Lyle 5 010115 902941 aroma,355,NaN,Nan
Nestle Cerelac 5 Grains & Fruits Cereal,267,NaN,Nan
Tang Mango Instant Drink Mix,199,210,5% off
Complan Royale Chocolate,338,385,12% off
Nestle Cerelac Wheat Apple Cherry Cereal,220,NaN,Nan
Sugar Free Natura 300 Pellets Sweetener,186,190,2% off
"Tang Orange Instant Drink Mix, 500g(Each)",264,270,2% off
Disano Extra Light Olive Oil Plastic Bottle,999,"2,395",58% off
"CCDS Bakers Instant Yeast For Baking, Proofing, Making ...",239,249,4% off
"Organic Forest Pink Rock Salt Granules, 500gm Himalayan...",208,245,15% off
Figaro Extra Virgin Olive Oil Plastic Bottle,699,"1,099",36% off
Happilo 100% Natural Premium Whole Nuts Cashews,439,499,12% off
Pintola Classic Peanut Butter (Crunchy) 1 kg,319,349,8% off
Nestle Lactogen Infant Formula (Stage 1),330,NaN,Nan
Nature Valley Oats and Dark Chocolate Crunchy Granola B...,310,330,6% off
Nescafe Greetings - The Ultimate Instant Coffee Kit 100...,601,699,14% off
NutrineLife With the Mother Vinegar,499,899,44% off
Oleev Imported Pomace Olive Oil Plastic Bottle,545,749,27% off
Kitchens of India Badam and Moong Dal Halwa 450 g,342,360,5% off
FARMUP Yellow Combo (Split),558,700,20% off
Pintola All Natural Export Peanut Butter (Creamy) 1 kg,387,425,8% off
FARMUP Combo,560,700,20% off
Balance Natural Diabetic & Keto friendly Sugar Free Swe...,149,200,25% off
Horlicks Chocolate Delight Flavour Mix,97,105,7% off
FARMUP Yellow Combo (Split),620,700,11% off
Nestle Nan Pro Infant Formula (Stage 1),595,NaN,Nan
Wnature Organic Roasted Arabica Coffee beans 1kg-100% P...,650,700,7% off
Nestle Cerelac Wheat Apple Cereal,190,NaN,Nan
"organic forest Pink Rock Salt Powder, 500gm Rock Salt",208,245,15% off
Markstor Saudi Medjoul Dates Dates,"1,050","1,250",16% off
Nestle Cerelac Multi Grain Dal Veg Cereal,257,NaN,Nan
Akiva Superfoods Organic Jaggery Powder - 900gm Jaggery,265,295,10% off
Balance Gourment Dalchini Cinnamon Flavored Green Coffe...,649,"1,000",35% off
Happilo Premium Dried Turkish Apricots,228,285,20% off
FARMUP Besan 1 Kg,330,499,33% off
Leonardo Extra Virgin Olive Oil Plastic Bottle,"1,127","1,649",31% off
Tang Orange Instant Drink Mix,182,210,13% off
FARMUP Jowar Flour 5 kG,900,"1,299",30% off
"Lipton Honey, Lemon Green Tea Bags Box",135,145,6% off
FARMUP Yellow Combo (Split),560,700,20% off
FARMUP Yellow Combo (Split),520,700,25% off
Ghasitaram Gifts Raisins-Selected Indian Raisins 800 gm...,499,650,23% off
Tang Mango Instant Drink Mix,199,210,5% off
"Tang ZERO SUGAR, sugar drink mix,Imported 6 packets, or...",799,999,20% off
"TGL Co. Ice Wine White Tea with White Downy White Tea, ...","1,078","1,198",10% off
TGL Co. Strawberry and Aloe White Tea with White Shou M...,"1,078","1,198",10% off
"Tang Orange Instant Drink Mix, 500g(Each)",264,270,2% off
TGL Co. Gunpowder Temple of Heaven Green Tea with The F...,"1,078","1,198",10% off
TGL Co. White Bud Yin Zhen White Tea White Tea Pouch,"2,518","2,798",10% off
TGL Co. Pearl of The Caribbean White Tea with White Sho...,"1,078","1,198",10% off
TGL Co. China Jasmine Green Tea for Stress Relief and R...,"1,078","1,198",10% off
"TGL Co. Geisha Green Tea with Green Bancha Tea, Green K...","1,078","1,198",10% off
Balance Instant 60 Sachets Stevia & LemonGrass Green Co...,499,750,33% off
"TGL Co. Orange & Mango Oolong Tea, 16 Tea Bags with Sem...",314,349,10% off
"TGL Co. Little Buddha Green Tea with Sandalwood, Red Pe...","1,078","1,198",10% off
Ray Healthy Cooking Spray -Refined Rice Bran OIL - 200 ...,500,598,16% off
Pintola Classic Peanut Butter (Crunchy) 1 kg,319,349,8% off
Onlyleaf Flavored Sampler Assorted Green Tea Bags Box,150,NaN,Nan
True Elements Roasted Sunflower Pumpkin And Flax Seeds ...,232,240,3% off
FARMUP Corn Flour : 1 KG + Jowar Flour : 1 KG,460,700,34% off
Saffola Total Pro Heart Conscious Blended Oil Can,175,NaN,Nan
Lipton Pure & Light Green Tea Bags Box,145,NaN,Nan
NutrineLife With the Mother Vinegar,499,899,44% off
Nestle Cerelac Wheat Cereal,185,NaN,Nan
Ghasitaram Gifts Mini Gujiya Namkeen 400 gms,345,451,23% off
Pintola All Natural Export Quality Peanut Butter (Crunc...,387,425,8% off
Balance Natural Diabetic & Keto friendly Sugar Free Swe...,149,200,25% off
FARMUP Yellow Combo (Split),560,700,20% off
FARMUP Almond | Premium Quality | Tasty |100% Pure and ...,850,"1,100",22% off
Happilo Premium Dried Supermix Assorted Fruit,637,730,12% off
FARMUP Rice Flour 500 g,210,399,47% off
Nescafe GOLD Blend Crafted With Arabica Ground 10 time ...,945,"1,299",27% off
Wnature Organic Roasted Arabica Coffee beans 1kg-100% P...,650,700,7% off
Bertolli Extra Virgin Olive Oil Plastic Bottle,349,699,50% off
Betty Crocker Triple Choco Brownie Mix 425 g,330,NaN,Nan
Ghasitaram Gifts Dryfruits- Dryfruit Box 800 gms,"1,439","1,599",10% off
Tang Orange Instant Drink Mix,182,210,13% off
Soft Art Celebrations Dried Ginger Candy Vaccum Pack Dr...,293,638,54% off
"VegeBaby 100% Natural, Cold-Pressed,Extra virgin Coconu...",559,NaN,Nan
Nescafe GOLD Origins Cap Colombia Instant Coffee,945,"1,299",27% off
Taj Mahal Tea Box,225,245,8% off
Markstor Fresh Rabia Dates of Saudi Arabia Dates,350,600,41% off
Tang Mango Instant Drink Mix,199,210,5% off
Nescafe Gold Espresso Italian Style Rich With Crema 100...,945,"1,299",27% off
Delight Nuts Dried Apricots 200g Apricots,271,279,2% off
Onlyleaf 100% Natural Weightloss Cinnamon Clove Hibiscu...,261,275,5% off
"Tang Orange Instant Drink Mix, 500g(Each)",264,270,2% off
SUN'A'DO California Almonds - 200g Almonds,339,349,2% off
Ghasitaram Gifts Mini Gujiya Namkeen 800 gms,625,651,3% off
VegeBaby First Cold Pressed Black Sesame Oil Plastic Bo...,699,NaN,Nan
Delight Nuts Mixed Nut Roasted & Salted 200g Assorted N...,387,399,3% off
"Healthkart Organic Apple Cider Vinegar, Unflavoured Vin...",349,670,47% off
Pintola Classic Peanut Butter (Crunchy) 1 kg,319,349,8% off
Kitchens of India Chicken Chettinad 570 g,371,390,4% off
MTR Special Garam Masala,50,NaN,Nan
Chana Dal,105,130,19% off
Yogabar Wholegrain Breakfast Muesli+ - Dark Chocolate +...,260,299,13% off
India Gate Mogra Basmati Rice (Broken Grain),328,380,13% off
"Godhan anmall Gir cow's premium Ghee, 1 ltr 1 L Glass B...","1,685","2,500",32% off
Happilo Premium International Omani Dates,140,175,20% off
Parle Namkeen Aloo Bhujia,84,88,4% off
Saffola Tasty Pro Fitness Conscious Blended Oil Pouch,114,120,5% off
Balance Natural Diabetic & Keto friendly Sugar Free Swe...,149,200,25% off
Emami Healthy and Tasty Refined Soyabean Oil Pouch,114,125,8% off
Ching's Secret Hot Garlic Instant Noodles Vegetarian,53,60,11% off
Rajdhani Kabuli Chana (Whole),125,145,13% off
Wnature Organic Roasted Arabica Coffee beans 1kg-100% P...,650,700,7% off
Saffola Gold Blended Oil Pouch,576,636,9% off
Saffola Active Blended Oil Pouch,520,580,10% off
MTR Jeera Powder,54,55,1% off
Lipton Tulsi Natura Green Tea Bags Box,131,150,12% off
Flipkart Supermart Select Unpolished Toor Dal (Split),136,170,20% off
Colavita (Hard Durum Wheat) Farfalle Pasta,285,290,1% off
Flipkart Supermart Select Unpolished Chana Dal,105,140,25% off
Dexolac Infant Formula Powder (Stage 1),304,NaN,Nan
NAGO Natural Goodness Red Rajma (Whole),200,NaN,Nan
Tang Orange Instant Drink Mix,182,210,13% off
Easum Rice and Moog Dal Baby Cereal,240,NaN,Nan
Emami Healthy & Tasty Refined Sunflower Oil Pouch,116,130,10% off
Ghasitaram Gifts Cashews Dryfruits-Goan Cashews 800 gms...,"1,075","1,350",20% off
SUN'A'DO Cashew Roasted & Salted - 200g Cashews,387,399,3% off
"VegeBaby 100% Natural, Cold-Pressed, unrefined, Extra v...",500,NaN,Nan
Tang Mango Instant Drink Mix,199,210,5% off
VegeBaby 100%Natural Cold Pressed Extra Virgin Yellow M...,509,NaN,Nan
FARMUP SoyaFlour : 1 KG + Jowar Flour : 1 KG,520,700,25% off
Alpino Natural Smooth Peanut Butter (Unsweetened) 1 kg,359,425,15% off
"Tang Orange Instant Drink Mix, 500g(Each)",264,270,2% off
Kitchens of India Rajma Masala and Vegetable Pulao 785 ...,257,270,4% off
"VegeBaby Cold Pressed, 100% Organic Apricot Oil Plastic...",350,NaN,Nan
Markstor Ajwa Al-Saudi Dates,"1,490","2,000",25% off
Jaiccha Goan Cashews 200 gms in Black Paper Pouch Cashe...,351,451,22% off
Neuherbs Raw Pumpkin Seeds - Protein and Fiber Rich Sup...,199,280,28% off
Pintola Classic Peanut Butter (Crunchy) 1 kg,319,349,8% off
Nestle Cerelac Wheat Honey Dates Cereal,242,NaN,Nan
FARMUP Maida 1Kg | Pure and Natural | Premium Quality,270,499,45% off
MYFITNESS Smooth Peanut Butter 510 g,299,320,6% off
NutrineLife With the Mother Vinegar,499,899,44% off
Wonderland Foods Premium Quality California Almonds,599,900,33% off
Kitchens of India Mutter Paneer and Vegetable Pulao 785...,266,280,5% off
"VegeBaby Cold Pressed, 100% Virgin Organic Vegetable Oi...",475,NaN,Nan
"Healthkart Apple Cider Vinegar with Mother, Unflavoured...",275,525,47% off
Kohinoor Charminar Rice (Long Grain),382,449,14% off
Balance Natural Diabetic & Keto friendly Sugar Free Swe...,149,200,25% off
"Fortune Everyday Hamesha Basmati Rice (Broken Grain, St...",336,425,20% off
VegeBaby 100%Natural Cold Pressed Extra Virgin Black Mu...,500,NaN,Nan
Dhara Refined Sunflower Oil Pouch,116,125,7% off
Wnature Organic Roasted Arabica Coffee beans 1kg-100% P...,650,700,7% off
SUN'A'DO Afghani Seedless Green Raisins - 200g Raisins,290,299,3% off
Urban Organic Unpolished White Urad Dal (Split),225,299,24% off
"Jaiccha Almonds and Cashew Pouches-200 gms Almonds, Cas...",330,425,22% off
"Midiron Pumpkin Seeds (250 gm), Rich in Zinc & Powerhou...",309,350,11% off
Delight Nuts Cashew Roasted & Salted 200g Cashews,387,399,3% off
Yogabar Wholegrain Breakfast Muesli+ - Dark Chocolate +...,260,299,13% off
Disano Canola Oil Plastic Bottle,191,425,55% off
Wonderland Foods(Device) 100% Natural Premium Quality P...,"1,099","1,600",31% off
Happilo Premium International Trail Mix,292,365,20% off
Tang Orange Instant Drink Mix,182,210,13% off
Bertolli Mild Taste Olive Oil Plastic Bottle,799,"1,225",34% off
Markstor Sukkary Dates - Wet and Fresh with Natural Swe...,575,650,11% off
"SUN'A'DO Mixed Nuts (Almonds, Cashew & Pistachios) Roas...",387,399,3% off
AS-IT-IS Nutrition Raw Apple Cider Vinegar with mother ...,263,356,26% off
Pintola Classic Peanut Creamy Butter 2.5 kg,726,790,8% off
Tang Mango Instant Drink Mix,199,210,5% off
Naturewell Red Rajma (Whole),209,299,30% off
Happilo Premium Roasted and Salted California Pistachio...,356,395,9% off
Cadbury Shots Truffles,280,NaN,Nan
"Tang Orange Instant Drink Mix, 500g(Each)",264,270,2% off
"organic forest 5 In 1 Roasted Super Seeds Mix, 500gm Pr...",395,438,9% off
Happilo Premium Roasted and Salted Cashew Nuts,316,395,20% off
FARMUP Cashew Nut 250 gm + Almond 250 gm | Premium Qual...,850,"1,000",15% off
FARMUP Polished Yellow Moong Dal (Whole),340,499,31% off
SUN'A'DO California Almonds Roasted & Salted - 200g Alm...,364,375,2% off
Pintola Classic Peanut Butter (Crunchy) 1 kg,319,349,8% off
"Happilo Premium American Dried Whole Duet Blueberry, Cr...",328,380,13% off
Rajdhani Unpolished Arhar Dal (Split),164,220,25% off
Eat Soya SOYA NUTS SALTED AND ROASTED SOYABEAN SALTED,200,NaN,Nan
Balance Natural Diabetic & Keto friendly Sugar Free Swe...,149,200,25% off
KLF Nirmal Cold Pressed Virgin Coconut Oil Glass Bottle,375,390,3% off
MuscleBlaze High Protein Natural Peanut Butter 750 g,349,499,30% off
Sonal Dry fruit Premium Cashews Cashews,299,360,16% off
axium axs154,499,947,47% off
Rajdhani Unpolished Chana Dal (Split),112,150,25% off
Wnature Organic Roasted Arabica Coffee beans 1kg-100% P...,650,700,7% off
Jaiccha Namkeen Snacks-Mini Katli Namkeen 400 gms in Br...,345,399,13% off
Saffola Oats,170,199,14% off
zenulife Premium Quality Organic Green Coffee Beans Pow...,232,796,70% off
Balance Gourment Dalchini Cinnamon Flavored Green Coffe...,649,"1,000",35% off
Ceedberri Chia Seeds,205,400,48% off
Eighty7 California Almonds,594,747,20% off
hathmic JERI1000 Coconut Oil Jar,577,890,35% off
FARMUP Ginger Powder,299,499,40% off
Wonderland Foods Hand Picked Kashmiri Walnut Walnuts,449,699,35% off
Yogabar Wholegrain Breakfast Muesli+ - Dark Chocolate +...,260,299,13% off
"organic forest Chia Seeds, 250gm Premium Quality , For ...",302,324,6% off
Happilo Californian Premium Sweet Dried Whole Cranberri...,266,295,9% off
Borges Extra Virgin Olive Oil Plastic Bottle,678,"1,400",51% off
Tang Orange Instant Drink Mix,182,210,13% off
Kellogg's Oats,185,NaN,Nan
"Tang Lemon Instant Drink Mix, 500g(Each)",257,270,4% off
FARMUP Yellow Soya Bean (Whole),240,250,4% off
Nestle Nan Excella Pro Infant Formula Powder (Stage 1),730,NaN,Nan
Ghasitaram Gifts Sundried Papaya 400 gms Papaya,451,499,9% off
Tang Mango Instant Drink Mix,199,210,5% off
Nestle Nan Excella Pro Follow-up Formula-powder (Stage ...,720,NaN,Nan
Haldiram's Bhujia Sev,210,NaN,Nan
Eat Soya Soya Nuts Salted 200gm (Pack of 3),290,300,3% off
"Tang Orange Instant Drink Mix, 500g(Each)",264,270,2% off
Natturano Premium Organic Cold Pressed Coconut Oil Plas...,449,NaN,Nan
D NATURE FRESH Almond_Raw_P500 Almonds,459,725,36% off
Pintola All Natural Honey Peanut Butter (Crunchy) 1 kg,412,449,8% off
Mahakosh Refined Soyabean Oil Pouch,116,133,12% off
SUN'A'DO Dried Blueberries 150g Blueberry,533,549,2% off
Pintola Classic Peanut Butter (Crunchy) 1 kg,319,349,8% off
Disano Extra Virgin Olive Oil Plastic Bottle,220,275,20% off
Horlicks Classic Malt Health Drink,241,242,Nan
"Organic Forest Raw Seeds Combo Chia, Pumpkin, Sunflower...",650,728,10% off
Balance Natural Diabetic & Keto friendly Sugar Free Swe...,149,200,25% off
froods Premium Quality Almonds Almonds,549,899,38% off
Bliss of Earth 2x1KG Authentic Pakistani Fine Powdered ...,465,750,38% off
Delight Nuts Dried Cranberries Sliced- 200gm (Pack of 2...,581,598,2% off
Organic India Tulsi Green Tea Lemon Ginger 25 Tea Bags-...,348,NaN,Nan
Ghasitaram Gifts Sundried Pineapple 200 gms Pineapple,280,299,6% off
Wnature Organic Roasted Arabica Coffee beans 1kg-100% P...,650,700,7% off
Cadbury Dairy Milk Silk Bubbly Chocolate Bar (50 gmX4) ...,499,NaN,Nan
Natturano Premium Organic Cold Pressed Safflower Oil Pl...,399,NaN,Nan
Nescafe Red Travel Kit Instant Coffee,584,649,10% off
Balance Gourment Dalchini Cinnamon Flavored Green Coffe...,649,"1,000",35% off
MYFITNESS Crunchy Natural Peanut Butter Unsweetened 100...,389,499,22% off
Ghasitaram Gifts sweets-Strawberry Katli 800 gms Box,"1,199","1,451",17% off
Biotrex Nutraceuticals With Honey and Mother Vinegar,349,600,41% off
Eat Soya SOYA NUTS MASALA AND MAGIC PUDINA 200g (PACK O...,200,NaN,Nan
Rostaa Dried Prunes Prunes,240,260,7% off
Herbalvibe Green Coffee Beans Powder for Weight Loss Ma...,598,"1,650",63% off
Delight Nuts Berries Mix 200g Assorted Fruit,387,399,3% off
Oreo Original Chocolatey Sandwich Biscuits,30,NaN,Nan
Nescafe Ultimate Kit Instant Coffee,644,699,7% off
Tang Orange Instant Drink Mix,182,210,13% off
Bel Normande Sparkling Red Grape Juice,465,NaN,Nan
"Nutty Gritties Jumbo Roasted Pistachios, Lightly Salted...",349,420,16% off
Complan Kesar Badam,299,315,5% off
NAGO Natural Goodness Unpolished Yellow Chana Dal (Spli...,180,200,10% off
Delight Nuts California Almonds - 200gm ( Pack of 5) Al...,"1,499","1,745",14% off
Tang Mango Instant Drink Mix,199,210,5% off
Pintola Classic Peanut Butter (Crunchy) 1 kg,319,349,8% off
Onlyleaf 100% Natural Calming De-Stress Chamomile Green...,238,250,4% off
Happilo Premium International Nuts and Berries,292,365,20% off
"Tang Orange Instant Drink Mix, 500g(Each)",264,270,2% off
Yogabar Wholegrain Breakfast Muesli+ - Fruits + Seeds &...,521,598,12% off
FARMUP Unpolished Yellow Toor Dal (Whole),250,399,37% off
Enfamil A Plus Stage 1 Infant Formula,715,NaN,Nan
Ghasitaram Gifts Roasted Dryfruit Laddoo Box,539,599,10% off
"TGL Co. Lemon Detox Green Tea, 16 Tea Bags Lemon Green ...",314,349,10% off
NutrineLife With the Mother Vinegar,499,899,44% off
NutroActive Himalayan Pink Salt Rock Salt Fine Grain (0...,449,999,55% off
"TGL Co. Kadak Masala Chai Tea Black Tea, 16 Tea Bags Gi...",217,249,12% off
Alpino Peanut Butter Chocolate 2.4 KG (Gluten Free / No...,749,949,21% off
Balance Natural Diabetic & Keto friendly Sugar Free Swe...,149,200,25% off
Pintola All Natural Peanut Butter (Creamy) 2.5 kg,902,980,7% off
Mars Assorted Chocolate Gift Pack Tin Box Bars,600,NaN,Nan
"TGL Co. Mogo Mogo Green Tea, 16 Tea Bag Mango, Banana, ...",314,349,10% off
Eat Soya Soya Nuts Maggi Masala - 200g (Pack of 3),289,300,3% off
"Puvi Cold Pressed Gingelly/Sesame Oil (Virgin, Chekku/G...","2,080","2,225",6% off
Wnature Organic Roasted Arabica Coffee beans 1kg-100% P...,650,700,7% off
axium axs155,335,598,43% off
FARMUP FLAX SEEDS,300,499,39% off
TGL Co. Euphoria Instant Coffee Powder | Makes Great Ic...,305,339,10% off
Colavita (Hard Durum Wheat) Farfalle Pasta,285,290,1% off
Kegan Wellness Lavanam Himalayan Pink Salt,199,299,33% off
Neuherbs Organic Green Coffee beans (Unroasted Beans) F...,699,899,22% off
VegeBaby 100%Natural Cold Pressed Extra Virgin Sunflowe...,699,NaN,Nan
Wonderland Roasted Combo Seeds Value Pack,599,"1,015",40% off
Akiva Green Tea Apple Cider Vinegar Vinegar,549,600,8% off
Colavita PAPPARDELLE 500 G Shell Pasta,335,340,1% off
Markstor Premium Dark Dates - Imported Dates,290,500,42% off
Alpino Natural Peanut Butter Smooth 2kg (1kg Pack Of 2)...,710,850,16% off
SUN'A'DO Dried Apricots 200g (Pack of 2) Apricots,581,598,2% off
Tang Orange Instant Drink Mix,182,210,13% off
Delight Nuts Dried Apricots -200gm (Pack of 2) Apricots,542,558,2% off
Alpino Natural Honey Peanut Butter Smooth 2kg (1kg Pack...,725,898,19% off
Dolce Vita Pure Olive Oil Plastic Bottle,"5,025",NaN,Nan
Disano Olive Pomace Oil Plastic Bottle,229,450,49% off
Glomin Premium Seedless Green (Kishmish) Raisins,474,850,44% off
Tang Mango Instant Drink Mix,199,210,5% off
Hershey's Cocoa with Almond Spreads 216 g,192,240,20% off
Happilo Dried and Pitted Premium Californian Prunes,367,490,25% off
Alpino Organic Natural Peanut Butter Crunch 1kg 1000 g,425,499,14% off
"Tang Orange Instant Drink Mix, 500g(Each)",264,270,2% off
Pastificio Riscossa Lasagna Riccia Pasta Shell Pasta,235,NaN,Nan
Alpino Natural Peanut Butter Crunch 2kg (Unsweetened) (...,710,850,16% off
Leonardo Extra Light Refined Olive Oil Plastic Bottle,"2,133","2,599",17% off
Neuherbs Instant Green Coffee Lemon 30 Sachet Instant C...,349,440,20% off
"Puvi Cold Pressed Gingelly/Sesame Oil (Virgin, Chekku/G...",490,525,6% off
Pintola Classic Peanut Butter (Crunchy) 1 kg,319,349,8% off
Dexolac Premium Infant Formula Powder (Stage 1),595,NaN,Nan
Eighty 7 cashew 250gm Cashews,357,447,20% off
Eighty 7 Raisins Raisins,174,187,6% off
NutrineLife With the Mother Vinegar,499,899,44% off
Delight Nuts Pistachios (Roasted & Salted)-750gm Pistac...,"1,358","1,399",2% off
Yuvika Laung - Syzygium aromaticum - Clove (800 GM),"1,149","2,199",47% off
"Organic Forest Roasted Flax Seeds, Premium Quality",178,256,30% off
Yuvika Javitri - Myristica fragrans - Mace (100 GM),499,899,44% off
Puvi Cold Pressed Coconut Oil Coconut Oil Plastic Bottl...,475,490,3% off
Yogabar Wholegrain Breakfast Muesli+ - Dark Chocolate +...,260,299,13% off
Maple Joe Canadian Maple Syrup natural,830,935,11% off
D NATURE FRESH Black Raisins 250g (Box) Raisins,235,299,21% off
"Real Basmati , (Pack of 3) Half Grain Basmati Rice (Med...",300,330,9% off
Balance Natural Diabetic & Keto friendly Sugar Free Swe...,149,200,25% off
Nutty Gritties Roasted Super Seeds Mix,249,255,2% off
NutroActive Keto Atta (1 gm Net Carb Per Roti) Extremel...,"1,399","1,797",22% off
HEALTHOXIDE Sweet Stevia Powder – Natural & Zero Calori...,289,299,3% off
Alpino Organic Peanut Butter Crunch 400g 400 g,225,249,9% off
Karachi Bakery Triple Delight Fruit Chocolate and Cashe...,280,NaN,Nan
Wnature Organic Roasted Arabica Coffee beans 1kg-100% P...,650,700,7% off
"Organic Forest Steel Cut Oats, 1Kg Gluten Free , For We...",320,NaN,Nan
True Elements Instant Oats,299,360,16% off
Patanjali Cow's Ghee 200 ml Box,178,NaN,Nan
Tang Orange Instant Drink Mix,182,210,13% off
Alpino Classic Peanut Butter Crunch 2.4 KG (Gluten Free...,675,749,9% off
Kellogg's Chocos Crunchy Bites,170,180,5% off
Spray Lite Natural Flavour Baking Non Sticky Sprays Liq...,292,NaN,Nan
Glomin 100% Natural Premium Californian Almonds,270,399,32% off
"Organic Forest Pink Rock Salt granules, 1kg Himalayan P...",286,338,15% off
Tang Mango Instant Drink Mix,199,210,5% off
HealthVit Lotus Powder,263,300,12% off
Tata Premium Leaf Tea Box,193,210,8% off
Vanalaya Chia Seeds,445,550,19% off
"Tang Orange Instant Drink Mix, 500g(Each)",264,270,2% off
24 nature PREMIUM CASHEW EXPORT QUALITY Cashews,349,999,65% off
Eighty 7 California almond Almonds,299,387,22% off
"Wonderland Roasted Makhana Tangy Masala, Sriracha, Sea ...",580,NaN,Nan
"TGL Co. Miracle Mint Tea, Herbal Tea, 16 Tea Bags Peppe...",224,249,10% off
Eighty7 Cashews Cashews,694,947,26% off
Pintola Classic Peanut Butter (Crunchy) 1 kg,319,349,8% off
IndoSwasth Apple Cider Vinegar with Mother of Vinegar -...,369,798,53% off
FARMUP Jowar Flour 1 Kg,270,499,45% off
NutroActive Mineral Himalayan Pink Salt Extra Fine Grai...,499,999,50% off
Balance Natural Diabetic & Keto friendly Sugar Free Swe...,149,200,25% off
Onlyleaf 100% Natural Refreshing Digestive Aid  Lemon G...,110,NaN,Nan
Nestle Nan Pro Follow-up-Formula (Stage 4),580,NaN,Nan
Pintola Classic Peanut Butter (Creamy) 1 kg,319,349,8% off
Hershey's Milk Booster with Calcium and Vitamin D Choco...,164,200,18% off
Pintola All Natural Peanut Butter (Crunchy) 350 g,150,165,9% off
Wnature Organic Roasted Arabica Coffee beans 1kg-100% P...,650,700,7% off
Healthkart Apple Cider Vinegar With Mother - Unflavored...,599,900,33% off
Happilo Premium Dried Californian Blueberry,428,485,11% off
Yours Aloevera Juice For Complete Body Care,270,275,1% off
Yogabar Wholegrain Breakfast Muesli+ - Dark Chocolate +...,260,299,13% off
NutrineLife With the Mother Vinegar,499,899,44% off
"True Elements Gluten Free, Rich in Vitamin B, Regular Q...",449,650,30% off
Ketofy MCT Oil. Coconut Oil Plastic Bottle,"2,082","2,449",14% off
Eighty7 Cashews(200g each) - Pack of 2 Cashews,499,774,35% off
SUN'A'DO Pistachios Roasted & Salted - 200g Pistachios,387,399,3% off
NutrineLife Pure Apple Cider Vinegar ACV 500 ml with Mo...,799,"1,898",57% off
SUN'A'DO Mixed Nuts Roasted & Salted Combo Pack of 2(20...,775,798,2% off
HealthVit Apple Cider Vinegar Natural & Pure With Goodn...,399,750,46% off
"LuvIt Chocorich Assorted Eclairs - Hazelnut, Dark Choco...",417,668,37% off
Tang Orange Instant Drink Mix,182,210,13% off
PMW Samudri - Cuttle Fish Bone - Cuttle Fish Bone - 100...,299,399,25% off
Shivram Peshawari & Bros Yellow Raisins,229,299,23% off
Pillsbury Vanilla Cookie Cake,220,240,8% off
"SUN'A'DO Dry Fruit Combo Pack - Almonds, Cashews, Black...","1,355","1,396",2% off
Wonderland Makhana Premium Chaat Masala Foxnuts Assorte...,160,NaN,Nan
Tang Mango Instant Drink Mix,199,210,5% off
Junior Horlicks Chocolate Flavour - Stage 1,285,288,1% off
Disano Unsweetened Peanut Butter 100% Natural Creamy 1k...,285,500,43% off
Nutty Gritties California Walnut Kernals Walnuts,489,495,1% off
"Tang Orange Instant Drink Mix, 500g(Each)",264,270,2% off
D NATURE FRESH Cranberries 250g Cranberries,299,499,40% off
Pintola Choco Peanut Butter (Creamy) 1 kg,387,425,8% off
Onlyleaf 100% Natural Refreshing Skin Care Rose Green T...,90,NaN,Nan
Nestle Cerelac Wheat Apple Carrot Cereal,195,NaN,Nan
Hershey's Syrup Indulgent Caramel,172,220,21% off
Pintola Classic Peanut Butter (Crunchy) 1 kg,319,349,8% off
Sugar Free Gold 300 Pellets Sweetener,176,180,2% off
NutroActive Baking Soda Ultra Pure - 350 gm Baking Soda...,299,349,14% off
Midiron Organic Premium Roasted Flax Seed (400 gm),200,249,19% off
Balance Natural Diabetic & Keto friendly Sugar Free Swe...,149,200,25% off
Rostaa Cranberries Sliced 1kg Cranberries,833,980,15% off
Delight Nuts Brown Flax Seeds,289,298,3% off
Rostaa Dried Prunes (Pack of 3) Prunes,640,780,17% off
"The Butternut Co. Peanut Butter Classic with Jaggery, C...",345,560,38% off
Mr.Kool RS-111 Rose,230,450,48% off
Wnature Organic Roasted Arabica Coffee beans 1kg-100% P...,650,700,7% off
"Yogabar Dark Chocolate, Fruits Nuts + Seeds, Almond + Q...",782,897,12% off
Eighty 7 walnuts 180gm Walnuts,435,447,2% off
NattyNuts Premium Cashew 200 mg. Cashews,330,350,5% off
NutrineLife Pure Apple Cider Vinegar ACV 500 ml with Mo...,799,"1,898",57% off
Midiron Organic Premium Gluten Free Flax Seed,175,179,2% off
Wonderland Foods Premium Quality Bay Leaves (Tej Patta),149,199,25% off
PMW Dried Stem Less - Curry Leaf Powder - Karuvepillai ...,129,150,14% off
Veg E Wagon Ajwain (Carrom Seeds) 250 gm,198,199,Nan
Brimune Aloe Juice,499,500,Nan
Herbalvibe Green Coffee Beans Powder for Weight Loss Ma...,598,"1,650",63% off
Cadbury Dairy Milk Chocolate Bars,10,NaN,Nan
MYFITNESS Chocolate Peanut Butter 2500 g 2.5 kg,998,"1,298",23% off
"TATA Rock Salt, 1KG Rock Salt",110,NaN,Nan
Tang Orange Instant Drink Mix,182,210,13% off
Delight Nuts Pistachoios Roasted & Salted 200g Pistachi...,378,389,2% off
VEDICINE Premium Quality Cinnmon Powder-Dalchini Powder,189,199,5% off
"Manna Kodo Millet, Proso Millet, Little Millet, Foxtail...",435,NaN,Nan
Alpino Organic Peanut Butter Smooth 400g 400 g,225,249,9% off
Alpino Natural Honey Peanut Butter Crunch 2kg (1kg Pack...,725,898,19% off
Tang Mango Instant Drink Mix,199,210,5% off
Nutty Gritties Premium Kalmi Dry Dates,399,450,11% off
AS-IT-IS Nutrition Peanut Butter Creamy (Natural & Unsw...,369,499,26% off
Rostaa Berrylicious (Mix Berries) Assorted Fruit,336,395,14% off
"Tang Orange Instant Drink Mix, 500g(Each)",264,270,2% off
Organic Forest White Quinoa (Keen-Wa) Quinoa,247,298,17% off
"Organic India Tulsi Green Tea Lemon, Ginger Tea Bags Bo...",338,348,2% off
Yuvika Laung - Syzygium aromaticum - Clove (100 GM),249,399,37% off
Lipton Zest Lemon Green Tea Bags Box,140,150,6% off
Delight Nuts Pumpkin Seeds (Roasted & Salted)- 750gm (V...,899,"1,099",18% off
Pintola Classic Peanut Butter (Crunchy) 1 kg,319,349,8% off
"SUN'A'DO Dry Fruits Combo Pack -Almonds, Cashew, Pistac...","1,526","1,572",2% off
Shivram Peshawari & Bros Badam Almonds,359,499,28% off
zenulife Premium Quality Arabica Green Coffee Beans Pow...,269,"1,194",77% off
NutrineLife With the Mother Vinegar,499,899,44% off
Teamonk Global Reeti Darjeeling White Tea Bags Box,569,875,34% off
HealthVit SN250 Vinegar,600,800,25% off
Shivram Peshawari & Bros Pista Kernels,649,799,18% off
"Yogabar Wholegrain Breakfast Muesli+ - Fruits, Nuts + S...",521,598,12% off
Ghasitaram Gifts Cashews Dryfruits-Goan Cashews 400 gms...,575,700,17% off
Balance Natural Diabetic & Keto friendly Sugar Free Swe...,149,200,25% off
Wonderland Foods Premium Quality Black Mustard Seeds (S...,149,199,25% off
Haim Wholegrain Brown Rice Cakes with Quinoa and Chia S...,388,390,Nan
Wonderland Foods Premium Whole -W240 Cashew Nuts (Bette...,"1,099","1,698",35% off
Wnature Organic Roasted Arabica Coffee beans 1kg-100% P...,650,700,7% off
Happilo Californian Premium Sweet Dried Sliced Cranberr...,225,265,15% off
AS-IT-IS Nutrition Peanut Butter Crunchy (Natural & Uns...,369,499,26% off
"Akiva Superfoods Raw, Unfiltered, UnRefined Apple Cider...",599,625,4% off
YUVIKA Methi Dana - Trigonella foenum-graecum - Fenugre...,199,200,Nan
Parle Monaco Salted Biscuits,10,NaN,Nan
Balance Gourment Dalchini Cinnamon Flavored Green Coffe...,649,"1,000",35% off
Organic India Tulsi Original 100gm Tin (Pack of 2) Tuls...,379,380,Nan
Midiron Roasted Flax Seed (250 gm) & Raw Sunflower Seed...,439,499,12% off
Herbal Essentials Combo pack of 5 Himalayan Pink Salt (...,325,499,34% off
Tang Orange Instant Drink Mix,182,210,13% off
"Glinter Lemon Flavour Soft Drink, 350ml",149,199,25% off
Davinci Gourmet Irish Cream Flavored Syrup 750 ml,630,645,2% off
"N2B Tomato Ketchup 1200g (Pack of 6, 200g each) Ketchup",335,360,6% off
Midiron Raw Chia Seed with Sunflower Seed Healthy Pack ...,479,599,20% off
Midiron Himalayan Black Salt (Kala Namak) 1 Kg Black Sa...,205,349,41% off
Tang Mango Instant Drink Mix,199,210,5% off
"Organic Forest White Quinoa Seeds, 1kg Quinoa",362,498,27% off
Pastificio Riscossa Semi Di Orzo Pasta,310,NaN,Nan
Wonderland Foods Whole Coriander,179,299,40% off
"Tang Orange Instant Drink Mix, 500g(Each)",264,270,2% off
Mr.Kool Liquid Glucose Corn Syrup,270,290,6% off
Alpino Super Muesli Nut Delight 400 G (Whole Grain Brea...,249,279,10% off
Mr.Kool Premium Dark Brown Cocoa Powder 100gm Cocoa Pow...,179,299,40% off
Wonderland Foods Premium Quality Combo of Whole Spices ...,449,800,43% off
"Wonderland Foods Roasted Makhana Chaat Masala, Peri Per...",580,NaN,Nan
Pintola Classic Peanut Butter (Crunchy) 1 kg,319,349,8% off
Nutty Gritties Indian Long Green Raisins,165,NaN,Nan
Foodvit Citric Acid Raising Ingredient Powder,90,100,10% off
TGL Co. Morning Motivation Instant Coffee Powder Instan...,314,349,10% off
Yogabar Wholegrain Breakfast Muesli+ - Dark Chocolate +...,260,299,13% off
Britannia Good Day Cashew Cookies,105,NaN,Nan
NattyNuts 100% Natural & Rich In Taste Cashews,570,700,18% off
Sinew Nutrition Green Coffee Beans (250g x 4 PC) for We...,719,"1,996",63% off
"Pranacharya Pranamrit Wheat Grass juice with Giloy, Pap...",450,580,22% off
Vitro Certified Organic Amla Juice,320,325,1% off
Balance Natural Diabetic & Keto friendly Sugar Free Swe...,149,200,25% off
"LuvIt Chocorich Classic Eclairs, 384g - Pack of 4 Bars",372,496,25% off
cloudem Rose Non Alcoholic Sparkling Drink - Ideal Fest...,699,999,30% off
Eighty 7 Broken cashew 900gm Cashews,887,"1,487",40% off
Wnature Organic Roasted Arabica Coffee beans 1kg-100% P...,650,700,7% off
Soft Art Energy Dried Seedless Turkish Apricot (Khumani...,388,"1,120",65% off
cloudem Bronze Non Alcoholic Sparkling Drink - Ideal Fe...,699,999,30% off
Veg E Wagon Hexagon Salty And Spicy Biscuits,328,499,34% off
Nutty Gritties Mix Berries 200g,355,375,5% off
Wonderland Foods Premium Quality Fennel Seeds (Sauf),175,325,46% off
NutrineLife Pure Apple Cider Vinegar ACV 500 ml with Mo...,799,"1,898",57% off
Midiron Premium Quality Himalayan Black Salt Powder Kal...,155,199,22% off
myfitness Smooth Crunchy Peanut Butter Combo (510g) 102...,549,640,14% off
"Naturewell Combo pack of Chia Seeds , Sunflower Seeds ,...",375,"1,196",68% off
Tang Orange Instant Drink Mix,182,210,13% off
Neuherbs Chia Seeds,219,270,18% off
Haim Wholegrain Brown Rice with Quinoa and Chia Seeds (...,777,780,Nan
"Vega Rica Non-Alcoholic White Wine,1 L",599,899,33% off
24 nature PREMIUM ALMONDS EXPORT QUALITY Almonds,449,"1,399",67% off
D NATURE FRESH Roasted & Salted Almonds 250g (Pouch) Al...,275,375,26% off
Tang Mango Instant Drink Mix,199,210,5% off
Minar Golden Latte Mix 200gm (Pack of 1),238,345,31% off
Wonderland Roasted & Salted 100g Pistachios,190,NaN,Nan
Nutrovally green coffee Beans Powder for Weight Loss (A...,349,549,36% off
"Tang Orange Instant Drink Mix, 500g(Each)",264,270,2% off
Delight Nuts Natural Mix - 200gm (Pack of 2) Assorted N...,775,798,2% off
"Wonderland Foods Pistachios Roasted and Salted, 100g Pi...",190,NaN,Nan
Junior Horlicks Original Flavour - Stage 2,268,288,6% off
TE-A-ME Long Leaf Pack of 4 (4 X 200g = 800g) Green Tea...,560,700,20% off
Veg E Wagon Haldi (Turmeric) Whole 1000 gm,288,306,5% off
Balance Instant 60 Sachets Stevia & LemonGrass Green Co...,499,750,33% off
"Pastificio Riscossa Gluten Free Penne Rigate Pasta, 340...",295,NaN,Nan
"Bliss of Earth Certified Organic Black Seed Oil, Kalonj...",281,475,40% off
Nandini Good Life Toned Milk,27,NaN,Nan
Pintola Classic Peanut Butter (Crunchy) 1 kg,319,349,8% off
Farm Honey Wild Honey,305,320,4% off
Healthkart Apple Cider Vinegar with Mother (Ginger Garl...,470,630,25% off
"HealthNutriva Apple Cider Vinegar with Ginger, Garlic ,...",945,"3,000",68% off
Junior Horlicks Vanilla Flavour - Stage 1,268,288,6% off
Wonderland Foods Pumpkin Seed Pack of 2 (200g Each),429,800,46% off
Yogabar Wholegrain Breakfast Muesli+ - Dark Chocolate +...,260,299,13% off
Balance Natural Diabetic & Keto friendly Sugar Free Swe...,678,"1,000",32% off
Farm Honey Cardomom Honey,335,350,4% off
Midiron 100 % Natural Premium Raisin Raisins,179,249,28% off
Balance Natural Diabetic & Keto friendly Sugar Free Swe...,149,200,25% off
Veg E Wagon Green Kishmish (Raisins) Regular 500 gm Rai...,368,450,18% off
Delight Nuts Berries Combo Pack - Dried Cranberries 200...,854,880,2% off
Blue Elephant Rice Vinegar,275,NaN,Nan
TE-A-ME Charge Pack of 4 (4 X 25 = 100 Tea Bags) Ginger...,560,700,20% off
True Elements Raw Chia Seeds and Raw Sunflower Seeds,286,300,4% off
Wnature Organic Roasted Arabica Coffee beans 1kg-100% P...,650,700,7% off
Midiron Pumpkin Seed & Raw Sunflower Seed Healthy Pack ...,"1,089","1,199",9% off
Sinew Nutrition Green Coffee Beans (250g x 4 PC) for We...,719,"1,996",63% off
FRUIT NUT Premium Export Quality Mango Mango,249,999,75% off
Tang Orange Instant Drink Mix,182,210,13% off
cloudem Blue Non Alcoholic Sparkling Drink - Ideal Fest...,699,999,30% off
Midiron Organics Pumpkin Seeds - Gluten Free Non-GMO Pu...,769,899,14% off
Yuvika Kahu Jeera | Kahoo Jeera - Lactuca Sativa (100 G...,229,399,42% off
VIHADO Pure Green Coffee Beans for Weight Loss For Men ...,269,"1,047",74% off
Delight Nuts Dried Cranberries - 200gm (Pack of 2) Cran...,660,680,2% off
Tang Mango Instant Drink Mix,199,210,5% off
NutroVally Organic green coffee beans for weight loss 2...,529,"1,107",52% off
Protinex Original,535,585,8% off
Veg E Wagon Pudina Goli and Amla Candy 250 gm Combo Swe...,334,408,18% off
"Tang Orange Instant Drink Mix, 500g(Each)",264,270,2% off
Wonderland Foods Whole Coriander Seeds (Sabut Dhaniya),269,599,55% off
Vitro Certified Organic Aloe Vera Juice with Fiber,288,295,2% off
Jiva Aloe Vera Juice (500 ml) Pack of 2,418,NaN,Nan
Soft Art Celebrations Dried Cranberries Candy Vaccum Pa...,313,618,49% off
CCDS Castor Sugar 500 gm Sugar,125,135,7% off
Pintola Classic Peanut Butter (Crunchy) 1 kg,319,349,8% off
Yuvika Afteeyun | Aftiun | Afttimoon | Amar Bel | Aakas...,274,499,45% off
Happilo Californian Premium Sweet Dried Whole Cranberri...,531,590,10% off
D NATURE FRESH Raw Cashews 250g (Box) Cashews,345,450,23% off
Yogabar Wholegrain Breakfast Muesli+ - Dark Chocolate +...,260,299,13% off
Farm Honey Moringa Honey,315,350,10% off
Nestle NesPlus Crunchy Flakes Corn and Oats,180,NaN,Nan
Let's GoNuts Whole Cashew Nuts (Kaju) Cashews,249,349,28% off
Wonderland Roasted Jumbo Pumpkin Seed -200 g,264,400,34% off
TGL Co. Pure Matcha Green Tea Powder | Rich in Antioxid...,435,599,27% off
Balance Natural Diabetic & Keto friendly Sugar Free Swe...,149,200,25% off
kaykon Pure Kashmiri Kesar Premium Quality Saffron 2-4 ...,"3,299","5,990",44% off
Bliss of Earth 500ML Certified Organic Sunflower Oil Fo...,266,550,51% off
Farm Honey Jamun Honey,320,360,11% off
Wnature Organic Roasted Arabica Coffee beans 1kg-100% P...,650,700,7% off
Akiva Superfoods Extra Light 100% Organic Raw Coconut O...,499,625,20% off
Nutty Gritties Dried US Cranberries 200g Cranberries,279,285,2% off
kaykon Kashmiri Kishmish Pure Green Raisin - 2 KG Raisi...,"1,599","1,998",19% off
Singla Best Quality Kaju katli Box,680,989,31% off
Shivram Peshawari & Bros Khubani Apricots,359,399,10% off
Colavita (Hard Durum Wheat) Farfalle Pasta,285,290,1% off
Nestle Cerelac Wheat Orange Cereal,235,NaN,Nan
Lipton Loose Green Tea Box,118,120,1% off
Yuvika Bahera Sabut - Terminalia Bellirica - Bahera Who...,149,299,50% off
Tang Orange Instant Drink Mix,182,210,13% off
Rostaa Berrylicious (Mix Berries) Assorted Fruit,"1,632","1,920",15% off
Nutty Gritties Jumbo California Almonds,549,750,26% off
Delight Nuts Chia Seeds- 750gm (Value Pack) Assorted Nu...,899,"1,099",18% off
VEDICINE Raw Basil Seeds |Tukmariya |Sabja |Bapji Seed ...,349,398,12% off
Midiron Mix Colourful Sugar Coated SAUNF| Colourful Fen...,179,299,40% off
Tang Mango Instant Drink Mix,199,210,5% off
Ferns N Petals 5 Star Chocolate Gift in a Black Mug For...,549,NaN,Nan
"True Elements Antioxidant Mix,Roasted Sunflower, Pumpki...",883,960,8% off
Neuherbs Brown Flax Seeds,139,150,7% off
"Tang Orange Instant Drink Mix, 500g(Each)",264,270,2% off
Real Fruit Juice - Litchi,85,105,19% off
Vitro Certified Organic Noni Juice,370,425,12% off
Naturewell White Rajma Chithra (Whole),205,299,31% off
"Midiron Sesame Seed, Organic Sesame Seed/ White Till Ri...",235,249,5% off
Saffola Aura Refined Olive and Flaxseed Blended Oil Pla...,"1,350",NaN,Nan
Pintola Classic Peanut Butter (Crunchy) 1 kg,319,349,8% off
Saffola Aura Extra Virgin Olive and Flaxseed EV Blended...,599,600,Nan
Wonderland Raw Cashews,594,800,25% off
"True Elements Raw Flax Seeds, High in Omega 3",196,200,2% off
NutrineLife With the Mother Vinegar,499,899,44% off
Onlyleaf 100% Natural Anti-Oxidant Rich Dandelion Herbs...,261,275,5% off
Nutty Gritties Southern Pepper Cashews,389,435,10% off
Ghasitaram Gifts Cashews Dryfruits-Goan Cashews 200 gms...,351,451,22% off
Midiron Himalayan White Rock Salt Premium Quality (Send...,185,199,7% off
Horlicks Royal Kesar Badam Flavour,263,NaN,Nan
Balance Natural Diabetic & Keto friendly Sugar Free Swe...,149,200,25% off
Bliss of Earth 2X250 GM High Curcumin Lakadong Turmeric...,440,770,42% off
Nutty Gritties Indian Long Green Raisins,165,NaN,Nan
zenulife Premium Quality Organic Green Coffee Beans Pow...,399,999,60% off
Wnature Organic Roasted Arabica Coffee beans 1kg-100% P...,650,700,7% off
"axium axs158 garden mukhwas, gulab mukhwas Mouth Freshe...",434,597,27% off
Midiron Organic Raw Sunflower Seeds (300 g),212,349,39% off
MYFITNESS Crunchy Peanut Butter (510g) 1020 g,549,640,14% off
Delight Nuts Cashew Roasted & Salted -200gm (Pack of 2)...,775,798,2% off
Glomin 100% Natural Premium Whole Nuts Cashews,315,425,25% off
Yogabar Wholegrain Breakfast Muesli+ - Dark Chocolate +...,260,299,13% off
Yuvika Tej Patta - Cinnamomum Tamala - Bay Leaves (200 ...,199,349,42% off
Yuvika Bahera Sabut - Terminalia Bellirica - Bahera Who...,179,349,48% off
Akiva Superfoods Wheatgrass Health Shots for Detox & Im...,"1,149","1,200",4% off
Tang Orange Instant Drink Mix,182,210,13% off
"True Elements Baked Granola with Rolled Oats, Cranberri...",483,520,7% off
Lune De Miel Organic pure,785,NaN,Nan
Veg E Wagon Munakka (Jumbo Raisins) Premium 500 gm Rais...,478,600,20% off
Veg E Wagon Hing Peda 500 gm Hing,339,408,16% off
"Indigenous honey raw, organic, unprocessed, unfiltered,...",501,520,3% off
Tang Mango Instant Drink Mix,199,210,5% off
YUVIKA Kali Mirch - Black Pepper - Piper Nigrum,199,215,7% off
Healthkart ACV For Weight Management Vinegar,599,670,10% off
Yuvika Tej Patta Powder - Cinnamomum Tamala - Bay Leave...,229,399,42% off
"Tang Orange Instant Drink Mix, 500g(Each)",264,270,2% off
Veg E Wagon Rai (Mustard) # 1 500 gm,128,150,14% off
Blue Elephant Red Chili Sauce,245,NaN,Nan
Manna Ethnic Proso Millet,266,280,5% off
Balance Natural Diabetic & Keto friendly Sugar Free Swe...,149,200,25% off
Nestle Koko Krunch Choco Burst,170,NaN,Nan
Balance Instant 60 Sachets Stevia & LemonGrass Green Co...,499,750,33% off
Midiron Amla Dehydrated Sweet Candy Tasty & Healthy Can...,374,799,53% off
Bliss of Earth 1KG Authentic Pakistani Himalayan Pink S...,290,490,40% off
Delight Nuts Flax Seeds Roasted & Salted- 750gm (Value ...,484,499,3% off
Pintola Classic Peanut Butter (Crunchy) 1 kg,319,349,8% off
Coco Soul Cold Pressed Natural Virgin VCNO Coconut Oil ...,399,NaN,Nan
Glomin Premium Seedless Green (Kishmish) Raisins,169,299,43% off
Midiron Himalayan Rock Salt Premium Quality (Sendha Nam...,230,399,42% off
Nutty Gritties Southern Pepper Cashew Nuts,389,435,10% off
Yuvika Bel Patta Powder (100 GM),139,199,30% off
Wnature Organic Roasted Arabica Coffee beans 1kg-100% P...,650,700,7% off
True Elements Dried Blueberries Blueberry,359,375,4% off
"Nutty Gritties Jumbo Roasted Cashewnuts, Lightly Salted",395,420,5% off
zenulife Premium Strong & Natural Green Coffee 200 g In...,249,599,58% off
Yogabar Wholegrain Breakfast Muesli+ - Dark Chocolate +...,260,299,13% off
BHARAT HONEY KASHMIRI HONEY 500 G,420,NaN,Nan
True Elements Whole Oats Groats Whole Wheat,308,325,5% off
Delight Nuts Pistachios Roasted & Salted- 200gm (Pack o...,755,778,2% off
Onlyleaf 100% Natural Anti-Oxidant Rose Rose Green Tea ...,261,275,5% off
Shara's W240 Jumbo Size Cashew Nuts I Kaju I Cashews,599,970,38% off
Balance Gourment Dalchini Cinnamon Flavored Green Coffe...,649,"1,000",35% off
Wonderland FOODS (DEVICE) Roasted Makhana Sea Salt and ...,480,NaN,Nan
Haldiram's Mixture,30,NaN,Nan
"True Elements Raw Chia Seeds for Weight Loss, High in C...",559,600,6% off
Tang Orange Instant Drink Mix,182,210,13% off
Sonal Dry fruit Premium California Almonds Almonds,299,360,16% off
"Yogabar Multigrain Energy Bars - (Nuts and Seeds, 38gm ...",349,400,12% off
Ketofy Almond Butter (2x200g) 200 g,849,999,15% off
HealthViva With Mother Vinegar Vinegar,499,999,50% off
"axium axs192 Orange Candy, Black Candy, Anardana Goli C...",419,597,29% off
Tang Mango Instant Drink Mix,199,210,5% off
PMW Fenugreek Seeds - Menthulu - Methi Seeds - Trigonel...,79,199,60% off
SFT Yellow Peanut (Whole),189,369,48% off
Balaji Premium Almonds,245,270,9% off
"Tang Orange Instant Drink Mix, 500g(Each)",264,270,2% off
Herbal Essentials Combo Pack of Chia Seed & Quinoa Seed...,195,598,67% off
Nutty Desires Cashews 250 g (Premium whole Kaju) Cashew...,499,700,28% off
Nutty Gritties Dried Blueberrries 150g Blueberry,449,495,9% off
NutroActive Sweet Basil Seeds,349,378,7% off
FRUIT NUT Premium Imported quality Cashew Cashews,349,997,64% off
Pintola Classic Peanut Butter (Crunchy) 1 kg,319,349,8% off
Manna 100% Natural & Gluten Free Proso Millet,400,NaN,Nan
"Freshzo Lime Juice Concentrate, 250ml (Pack of 6) (1500...",449,480,6% off
Singla Best Quality Kaju Katli (1 kg) Box,"1,100","1,450",24% off
NutrineLife With the Mother Vinegar,499,899,44% off
Herbsjoy Mother Vinegar Vinegar,314,998,68% off
"Eighty7 California Almonds(250g), Cashews(250g) and Rai...",892,"1,021",12% off
Cadbury Valentine Special Heart Shape Chocolate Gift Ha...,599,749,20% off
Bliss of Earth Certified Organic Edible Flaxseed oil Fl...,427,725,41% off
Natturano Premium Organic Cold Pressed Til / Sesame Oil...,499,NaN,Nan
Yogabar Wholegrain Breakfast Muesli+ - Dark Chocolate +...,260,299,13% off
TGL Co. Morning Motivation Instant Coffee Powder Freeze...,485,539,10% off
Veg E Wagon Rai (Mustard) # 2 1000 gm,208,245,15% off
"Cadbury Chocolate Bar, 60 gm - Pack of 6 Bars",420,NaN,Nan
Balance Natural Diabetic & Keto friendly Sugar Free Swe...,149,200,25% off
Pintola Classic Peanut Butter-(Crunchy) 350 g,140,155,9% off
e food factory Black Kishmish (Raisins) Regular 250 In ...,279,499,44% off
Haim Organic Wholegrain Brown Rice Cakes with Buckwheat...,777,780,Nan
"Midiron Pumpkin Seeds (350 gm), Rich in Zinc & Powerhou...",359,449,20% off
Fabelle The Bars Trilogy Bars,"1,100",NaN,Nan
Wnature Organic Roasted Arabica Coffee beans 1kg-100% P...,650,700,7% off
